Seed_num,epsilon,SP_maj,SP_min,SPD,EO_maj,EO_min,EOD,PE_maj,PE_min,PED,TE_maj,TE_min,TED,OA_maj,OA_min,OAD,PRP_maj,PRP_min,PRPD,CSP_B0_maj,CSP_B0_min,CSD_B0,CSP_B1_maj,CSP_B1_min,CSD_B1,Acc
0,16,0.9631296625111043,0.9144201731898957,0.048709489321208665,0.9873980726464048,0.9494655004859086,0.03793257216049617,0.7980769230769231,0.7596371882086168,0.03843973486830632,0.09413218368231906,0.10857647052537737,-0.014444286843058318,0.8813214938054929,0.7387371458313052,0.14258434797418762,0.8873952479669398,0.7422280407248165,0.1451672072421233,0.7165927011923008,0.2570989927429369,0.4594937084493639,1.0,1.0,0.0,0.8351545416136158
1,16,0.9632609077880266,0.9157341822211136,0.047526725566913064,0.9864559819413092,0.960710944808232,0.025745037133077187,0.8138424821002387,0.8082191780821918,0.005623304018046893,0.09370857698403386,0.10872335275396919,-0.015014775769935332,0.8813653482095418,0.7371340694601882,0.1442312787493536,0.8873647781763563,0.7410335767895374,0.14633120138681888,0.7178315116095538,0.2667867371116235,0.45104477449793035,1.0,0.9999247554552294,7.524454477059184e-05,0.83467462093746
2,16,0.962982717625547,0.917215700637315,0.045767016988232045,0.9882136279926336,0.9703557312252964,0.017857896767337178,0.8282352941176471,0.7986111111111112,0.02962418300653591,0.09584460769853274,0.10862330054664575,-0.012778692848113005,0.8811586113860745,0.7354784340402742,0.1456801773458003,0.8873740588515389,0.7397862254879822,0.14758783336355663,0.7153117696074853,0.2834939234568987,0.4318178461505866,1.0,0.9997620935765266,0.00023790642347343294,0.8339767595220016
3,16,0.9632711605493384,0.9179569454795914,0.04531421506974698,0.9837735849056604,0.9712163416898792,0.012557243215781111,0.8004866180048662,0.8026905829596412,-0.0022039649547750395,0.093435540582029,0.10213212394922007,-0.008696583367191063,0.8813886380194095,0.7379991163542893,0.1433895216651202,0.8873746473004293,0.7409420449207362,0.14643260237969302,0.7175894871462274,0.2855253124681476,0.4320641746780798,1.0,1.0,0.0,0.8349364010421721
4,16,0.962670480095665,0.9133255268280059,0.049344953267659086,0.9906542056074766,0.9629277566539924,0.027726448953484195,0.7767441860465116,0.8290398126463701,-0.052295626599858425,0.09688499190400661,0.11515844349265214,-0.01827345158864553,0.8811938467191786,0.7366351360404214,0.14455871067875714,0.8875221244666683,0.7413766435858486,0.1461454808808197,0.7152758754672786,0.2462710428657981,0.46900483260148046,0.9997064111831973,0.9999243570347958,-0.0002179458515985111,0.8343911875928981
5,16,0.9629666039179583,0.9150999760179129,0.047866627900045366,0.9866320089119941,0.9574468085106383,0.02918520040135575,0.8065326633165829,0.7559912854030502,0.05054137791353275,0.09454561397087949,0.1076736480740816,-0.01312803410320211,0.881525353277941,0.7385557547430992,0.1429695985348418,0.887566207001656,0.7419542135474372,0.14561199345421882,0.7155464472163808,0.26321486367707136,0.45233158353930947,1.0,1.0,0.0,0.8352636166572461
6,16,0.9633798994872702,0.9136524042159708,0.04972749527129938,0.9899441340782122,0.95489443378119,0.03504970029702226,0.8035264483627204,0.7543478260869565,0.04917862227576386,0.09213599921953647,0.11213194001814572,-0.019995940798609252,0.8814888393839819,0.737585539985614,0.14390329939836788,0.8873602733121835,0.7417097075457131,0.1456505657664704,0.718484766909816,0.25024323551708466,0.46824153139273134,1.0,1.0,0.0,0.8349583112090606
7,16,0.9633339732227129,0.9147732252943144,0.048560747928398484,0.9864915572232645,0.9651600753295668,0.021331481893697712,0.8029556650246306,0.7937915742793792,0.009164090745251374,0.09336852500245732,0.11136410424647145,-0.017995579244014126,0.8813156029754993,0.7372163734599496,0.14409922951554965,0.8873060652926503,0.7413865186642228,0.14591954662842754,0.7182631631107557,0.2620503395862211,0.45621282352453457,1.0,0.9997663698778203,0.00023363012217969548,0.8346310765623542
8,16,0.9629669327224326,0.9184715762927167,0.044495356429715915,0.9855180096546602,0.9613152804642167,0.024202729190443528,0.8364928909952607,0.8206896551724138,0.01580323582284693,0.09526074196130493,0.10146774296966406,-0.006207001008359123,0.8812809268941934,0.7378224269520235,0.14345849994216986,0.887443994208363,0.7407035124771676,0.14674048173119536,0.716540505028208,0.2927193791891747,0.4238211258390333,0.9998901098901098,1.0,-0.00010989010989015391,0.8348490268174732
9,16,0.9628709357630789,0.9182669084331291,0.044604027329949836,0.9891710231516057,0.9656816015252622,0.023489421626343487,0.7858942065491183,0.8217391304347826,-0.03584492388566429,0.09568862563689182,0.10145415233012778,-0.005765526693235962,0.8812581224385239,0.738049500855656,0.14320862158286785,0.88746772354452,0.7409097208466687,0.14655800269785124,0.7140150168695609,0.28958765621411076,0.42442736065545017,1.0,1.0,0.0,0.8348709988371674
10,16,0.9633102016091037,0.9159740008812621,0.047336200727841615,0.9828832255610498,0.9663023679417122,0.016580857619337586,0.7816091954022989,0.8033175355450237,-0.021708340142724825,0.09330327757790793,0.10513160181763911,-0.01182832423973118,0.8812383702039421,0.7384051326235098,0.14283323758043232,0.8872676870510368,0.741566519955249,0.14570116709578773,0.7193635523408821,0.27272320893722574,0.4466403434036564,0.9998524529693839,0.9996996270595435,0.00015282590984033728,0.8350454522962615
11,16,0.9634241837072519,0.9163700878351536,0.0470540958720983,0.9857890800299177,0.956315289648623,0.029473790381294718,0.8009153318077803,0.7785714285714286,0.022343903236351714,0.0924019638702352,0.10848549835181613,-0.01608353448158094,0.8814764699448648,0.7368171830501372,0.14465928689472762,0.8873547026887684,0.7407384045870462,0.14661629810172216,0.7186735293886952,0.27520322084775684,0.4434703085409384,1.0,1.0,0.0,0.8346310575307218
12,16,0.9630273237821696,0.9183235551858114,0.04470376859635816,0.9891385767790262,0.967833491012299,0.021305085766727183,0.8186157517899761,0.773972602739726,0.04464314905025013,0.0948907692889984,0.10111669632747103,-0.006225927038472634,0.8814083565431095,0.7379254579975452,0.14348289854556429,0.8874886295064135,0.7407931787871485,0.14669545071926504,0.7153107174205747,0.28700777075381284,0.4283029466667619,1.0,1.0,0.0,0.8349364771687021
13,16,0.9632011106333241,0.9137112273168363,0.04948988331648785,0.9883589936162223,0.9680451127819549,0.02031388083426733,0.8158508158508159,0.8130841121495327,0.0027667037012831797,0.09375761625991479,0.11126066052292019,-0.017503044263005405,0.8815048085002894,0.7381808975243515,0.143323910975938,0.8874672600819492,0.7421108067791242,0.14535645330282498,0.7173291705016085,0.2507529422734346,0.4665762282281739,1.0,1.0,0.0,0.835110873532899
14,16,0.9630999212597935,0.9182699973356717,0.04482992392412177,0.9876219054763691,0.9641847313854854,0.02343717409088364,0.8063725490196079,0.8240534521158129,-0.01768090309620507,0.09396415338747136,0.10152204172483799,-0.007557888337366633,0.8813951525806564,0.7376537360302879,0.14374141655036843,0.8874351149428994,0.7405992562413426,0.1468358587015568,0.7170859994990895,0.288809616314345,0.4282763831847445,0.9998489425981874,1.0,-0.0001510574018126487,0.8348927377193632
15,16,0.9632340578557093,0.9169960484722758,0.046238009383433476,0.9856711915535445,0.9693023255813954,0.01636886597214915,0.781021897810219,0.8004484304932735,-0.019426532683054498,0.09438675316319736,0.1052417412076105,-0.010854988044413136,0.8811829843023468,0.7369329189985483,0.14425006530379847,0.8872719064636563,0.74044624703015,0.14682565943350623,0.717370788620109,0.28039910054835177,0.4369716880717572,1.0,0.9997779422649888,0.00022205773501116077,0.8345656838731657
16,16,0.9629165086017496,0.914283726033994,0.048632782567755606,0.9893858984078847,0.970615243342516,0.01877065506536868,0.781491002570694,0.8012820512820513,-0.019791048711357284,0.09480521522865229,0.11084334187348392,-0.016038126644831632,0.8815109342236888,0.7381364478234642,0.14337448640022454,0.887591493927611,0.7420358526339205,0.14555564129369059,0.7147972721023803,0.2555744349113053,0.459222837191075,0.9999630860095976,1.0,-3.691399040239851e-05,0.8350673672210581
17,16,0.9631452709866553,0.9149933991468888,0.048151871839766436,0.9887850467289719,0.9762357414448669,0.012549305284105028,0.8023809523809524,0.8009153318077803,0.0014656205731721217,0.09389799937904728,0.1080543204055097,-0.014156321026462429,0.8814482189007735,0.7382142383648193,0.14323398053595426,0.8874601241395,0.7417683126582604,0.14569181148123966,0.7175955728881062,0.25940409939599723,0.4581914734921089,0.9998520162782094,1.0,-0.00014798372179058994,0.8350891631981516
18,16,0.9631105753773278,0.9161060253759897,0.047004550001338075,0.9854802680565897,0.9644572526416907,0.021023015414899038,0.7917675544794189,0.8130630630630631,-0.02129550858364415,0.09482755498835908,0.10565953747204244,-0.010831982483683361,0.8812199140444695,0.7384390653090857,0.14278084873538388,0.88734561018059,0.7416798652082813,0.14566574497230866,0.7176874261287643,0.27409601358338287,0.4435914125453815,0.9998170033662295,1.0,-0.00018299663377052688,0.8350018175209015
19,16,0.9633329838253435,0.9143529229779667,0.04898006084737683,0.9853877856875234,0.9659735349716446,0.019414250715878767,0.7885985748218527,0.8302752293577982,-0.04167665453594549,0.09277401238785807,0.10942658437002035,-0.016652571982162287,0.8814299056222421,0.73844618018594,0.1429837254363021,0.8873679292647161,0.7420999170966223,0.14526801216809382,0.7191672481059157,0.25524283496721,0.4639244131387057,0.9998538545853124,1.0,-0.000146145414687604,0.8351326552362682
20,16,0.00019079434339460403,0.0016964483525833162,0.0017255649500738954,0.002025552482385017,0.00620688154309902,0.006541755589645732,0.015793818259863993,0.02289470407521014,0.02991033346571948,0.001158482724745093,0.003999110096024488,0.004270794647077073,0.00011661119077961332,0.0007865006079965561,0.0007444026601260286,8.75636759590184e-05,0.0006532207596151427,0.0006356517320444511,0.0014820684658639095,0.014616264989143401,0.014983510205019064,8.573768050717793e-05,9.913753660783711e-05,0.00013224188500697735,0.0002987734784178417
0,8,0.9631012543853406,0.9103089734442337,0.052792280941106884,0.9882842025699169,0.969472710453284,0.01881149211663291,0.788235294117647,0.8263888888888888,-0.038153594771241806,0.09375096972612071,0.12058512142333036,-0.02683415169720965,0.8814786521433744,0.737601908468901,0.14387674367447345,0.8874847273600721,0.7426900706303347,0.14479465672973746,0.7161286150014065,0.22036096015305812,0.49576765484834834,1.0,1.0,0.0,0.834892804330077
1,8,0.9638137401184288,0.9133608782448936,0.05045286187353515,0.9879518072289156,0.9589169000933707,0.029034907135544907,0.8088578088578089,0.8014018691588785,0.007455939698930436,0.09065745317458948,0.11187311330149985,-0.02121566012691037,0.8813915688064657,0.7382961125036033,0.14309545630286247,0.8871484641592626,0.742258574612735,0.1448898895465276,0.7217627406511906,0.24646770235397378,0.47529503829721687,1.0,1.0,0.0,0.835045428506721
2,8,0.9641628730561201,0.913042317071491,0.05112055598462917,0.9906367041198502,0.9744560075685903,0.016180696551259866,0.7934508816120907,0.7934782608695652,-2.7379257474535734e-05,0.09200428987354299,0.11178772919661187,-0.019783439323068877,0.8806159255141406,0.7388249666270331,0.14179095888710747,0.886619143207626,0.7427056307426666,0.14391351246495943,0.7246517739714875,0.24436538220990572,0.4802863917615818,1.0,1.0,0.0,0.834696626262511
3,8,0.9641301146395808,0.909443638484657,0.054686476154923724,0.991007868115399,0.9546313799621928,0.036376488153206155,0.7811764705882352,0.8009259259259259,-0.01974945533769068,0.08943396443973754,0.12345035754782166,-0.03401639310808412,0.8812799274201106,0.7370508143116427,0.14422911310846798,0.8869706901749483,0.7426250178740066,0.14434567230094175,0.7242882632838266,0.21309471807962427,0.5111935452042022,1.0,1.0,0.0,0.8345656791152575
4,8,0.9631022984847961,0.9128704830040224,0.05023181548077371,0.9891588785046729,0.9591254752851711,0.030033403219501764,0.8167053364269141,0.755868544600939,0.06083679182597512,0.09495828859426213,0.11480982102900632,-0.01985153243474419,0.8812627436351006,0.7376967161891552,0.14356602744594538,0.8873774316068378,0.7421229469082665,0.14525448469857127,0.716028888158048,0.24322644899360327,0.47280243916444475,1.0,1.0,0.0,0.8347838006550689
5,8,0.9635114593987971,0.9137736778655793,0.04973778153321784,0.9918032786885246,0.9674017257909875,0.024401552897537093,0.8270509977827051,0.812807881773399,0.014243116009306056,0.092195719533525,0.11407552651755282,-0.02187980698402782,0.8815184456907712,0.7368767272517476,0.14464171843902363,0.8873598113284823,0.7414147722147846,0.14594503911369772,0.7193434942275353,0.25112154369847894,0.46822195052905635,1.0,1.0,0.0,0.834652877297356
6,8,0.9635854777607846,0.910906436991722,0.0526790407690626,0.9842755522276301,0.9573863636363636,0.026889188591266433,0.8211764705882353,0.7847222222222222,0.036454248366013076,0.09375450996070953,0.1204842461217357,-0.02672973616102617,0.8809169686375317,0.7371888119330344,0.14372815670449723,0.8870058550208615,0.7424038524648938,0.14460200255596767,0.719451167498429,0.22853981692447767,0.4909113505739513,1.0,1.0,0.0,0.8343692679101936
7,8,0.963642389052503,0.9117944610062574,0.051847928046245606,0.9854573287409109,0.9614003590664273,0.024056969674483564,0.8104738154613467,0.8135964912280702,-0.003122675766723537,0.0911163045594735,0.11645267994794015,-0.025336375388466642,0.8815110519376403,0.7376206157808387,0.14389043615680164,0.8872899584045504,0.742248933532594,0.14504102487195636,0.7204590216347138,0.2338463963480118,0.48661262528670196,1.0,1.0,0.0,0.8348927044140065
8,8,0.9634918810980269,0.9135931103772673,0.049898770720759544,0.9908710536325599,0.9617486338797814,0.029122419752778517,0.8,0.7847222222222222,0.015277777777777835,0.09349617332590099,0.11224279848665633,-0.018746625160755342,0.8811500171424486,0.7380010707522253,0.14314894639022324,0.8871609323834789,0.7420657496403367,0.14509518274314226,0.7192049811167512,0.250294384176661,0.46891059694009024,1.0,1.0,0.0,0.8348056156637949
9,8,0.9625774432429715,0.916193842380992,0.04638360086197946,0.9854477611940299,0.9570200573065902,0.028427703887439648,0.8091787439613527,0.801354401805869,0.007824342155483666,0.09867409988216053,0.1082365293217975,-0.009562429439636977,0.8809720215775245,0.7368555250612372,0.14411649651628733,0.8874439582169289,0.7407730592813413,0.1466708989355876,0.712416063771497,0.27207511592168065,0.44034094784981637,1.0,1.0,0.0,0.834303841915648
10,8,0.9638185689714807,0.9109751802200288,0.05284338875145189,0.9910880059413294,0.9564796905222437,0.03460831541908571,0.7941888619854721,0.8040540540540541,-0.00986519206858194,0.09065413073611711,0.11828165420196309,-0.027627523465845974,0.8813237368601505,0.7378190645831881,0.1435046722769624,0.8871099158094072,0.7425681171019446,0.14454179870746264,0.72168660980427,0.22535549956219053,0.4963311102420795,1.0,1.0,0.0,0.8348928138458934
11,8,0.9630567373526185,0.9157891444468351,0.04726759290578342,0.9891059353869271,0.9605633802816902,0.028542555105236955,0.7634660421545667,0.8116279069767441,-0.048161864822177436,0.0961855395123122,0.1084820663373667,-0.012296526825054513,0.8809946735442331,0.7370198470062749,0.14397482653795823,0.8872582606751622,0.7409027649760485,0.14635549569911377,0.7162650325388688,0.26620054039017116,0.4500644921486976,1.0,1.0,0.0,0.8343475956387112
12,8,0.9639468651504952,0.9119025862638488,0.05204427888664642,0.9869791666666666,0.9769008662175168,0.010078300449149813,0.7984293193717278,0.8126315789473684,-0.014202259575640586,0.09176812541061281,0.11659114768142427,-0.024823022270811457,0.8810168323770384,0.7379094995085111,0.14310733286852728,0.8869094121924288,0.7424819865291175,0.14442742566331135,0.7229214773165852,0.235056546082068,0.4878649312345172,1.0,1.0,0.0,0.8346965406201647
13,8,0.9640534301881722,0.9143048236909017,0.04974860649727053,0.9876819708846585,0.9694656488549618,0.018216322029696697,0.7834549878345499,0.827354260089686,-0.043899272255136124,0.09003107406769285,0.11620162518118198,-0.02617055111348912,0.8812371835394867,0.7349900099005544,0.14624717363893225,0.8869830623430053,0.7402381639328597,0.1467448984101456,0.7237018611819079,0.25536511195048794,0.46833674923142,1.0,1.0,0.0,0.8338895327924544
14,8,0.9628496326728321,0.9143963953215927,0.04845323735123941,0.9829738933030647,0.955719557195572,0.027254336107492727,0.8048192771084337,0.7873303167420814,0.01748896036635228,0.09674831753304393,0.11296551764442245,-0.01621720011137852,0.8810163067822433,0.7364756350373518,0.1445406717448915,0.8873422198908015,0.7409862312987818,0.1463559885920197,0.7147213249738837,0.2579403555118842,0.45678096946199953,1.0,1.0,0.0,0.8342384064052863
15,8,0.9628184483916444,0.9131699024937998,0.04964854589784462,0.9887471867966992,0.9651272384542884,0.023619948342410768,0.818639798488665,0.8108695652173913,0.0077702332712736855,0.0954298627218039,0.11410818619942835,-0.01867832347762445,0.8814435990578107,0.7375052149137848,0.14393838414402582,0.8875807100962143,0.7419265014393888,0.14565420865682555,0.7143592705409507,0.24375908295944101,0.4706001875815097,1.0,1.0,0.0,0.8348273307564502
16,8,0.9635215493295813,0.9145624180177814,0.048959131311799964,0.9886029411764706,0.968222442899702,0.020380498276768577,0.8186046511627907,0.7681498829039812,0.05045476825880946,0.09267566951041381,0.11202521776244094,-0.01934954825202713,0.8813125675110542,0.7367484517049239,0.14456411580613038,0.8872403872516447,0.741138651052224,0.14610173619942068,0.7197006894445303,0.2591057748518752,0.46059491459265506,1.0,1.0,0.0,0.8344784714173429
17,8,0.9640736242360889,0.9122090517316611,0.051864572504427775,0.9897134459955915,0.9651741293532339,0.024539316642357645,0.7822014051522248,0.8046511627906977,-0.0224497576384729,0.0893788823892698,0.11608331850181357,-0.026704436112543764,0.8814120146361606,0.7377118947581173,0.14370011987804332,0.8870711060690868,0.7423260005409766,0.14474510552811015,0.7241862657988646,0.2381185836733754,0.4860676821254892,1.0,1.0,0.0,0.8348710559320647
18,8,0.9624123437717037,0.9136232968069209,0.04878904696478281,0.9900221729490022,0.9598432908912831,0.030178882057719125,0.7904328018223234,0.8205741626794258,-0.030141360857102395,0.09794310586470817,0.11352226057331212,-0.015579154708603951,0.881302868912346,0.7371471899575541,0.14415567895479187,0.8876770913906098,0.7416036253241192,0.14607346606649063,0.7112396813723051,0.2479671307521555,0.4632725506201496,1.0,1.0,0.0,0.8345874513028104
19,8,0.963172919886184,0.9154352367430919,0.047737683143092124,0.992534527808884,0.9656488549618321,0.0268856728470519,0.7990430622009569,0.8086560364464692,-0.009612974245512329,0.09382956391726444,0.11011715744411295,-0.016287593526848512,0.8813974182454546,0.7368096240868287,0.14458779415862588,0.8874163731039919,0.7409455612862147,0.1464708118177772,0.7167058325794574,0.2636260669195532,0.4530797656599042,1.0,1.0,0.0,0.834587513155616
20,8,0.0005184073495423458,0.001775371373991484,0.002072374444016645,0.002500384488686814,0.0061421561368125285,0.00612462301232692,0.015864189109149007,0.017791461531719618,0.028616328626407013,0.002683091538232606,0.003901463553150877,0.005778421884846288,0.00023193136846068758,0.0007786358169268045,0.0008434767703595795,0.0002478211246294627,0.0007381985250553507,0.0008556887988416905,0.003970671270643806,0.015225838106618105,0.017347283769309375,0.0,0.0,0.0,0.0002761886178587829
0,5,0.9644346824981506,0.9150913230179638,0.049343359480186755,0.9891018414130026,0.9634146341463414,0.025687207266661183,0.8033980582524272,0.8292134831460675,-0.025815424893640304,0.09013508492850136,0.11065113462765327,-0.02051604969915191,0.8807795706824093,0.7368844287712843,0.14389514191112496,0.8865803501765512,0.7409809656518125,0.14559938452473875,0.726853126442289,0.2623872096801292,0.46446591676215987,1.0,1.0,0.0,0.8341948192090074
1,5,0.9631164356831613,0.9162377215650812,0.04687871411808009,0.9858630952380952,0.958614051973051,0.02724904326504418,0.7906403940886699,0.811529933481153,-0.02088953939248306,0.09843515138535973,0.10817044197693018,-0.009735290591570453,0.8804489221285451,0.7367267386462582,0.14372218348228694,0.8869619197873695,0.7406987026931972,0.14626321709417234,0.7165330398080896,0.27130500349747494,0.44522803631061464,1.0,1.0,0.0,0.833889475697557
2,5,0.9618504272136359,0.9144488528985413,0.04740157431509462,0.9882049391817177,0.9635108481262328,0.024694091055484924,0.819047619047619,0.8192219679633868,-0.00017434891576773026,0.10404248374740314,0.114266096938648,-0.01022361319124486,0.8804925050468185,0.7355522984027834,0.14494020664403517,0.8874726414583431,0.7404373322780312,0.14703530918031193,0.7073674255621374,0.254948438195231,0.4524189873669064,1.0,1.0,0.0,0.8335404974107463
3,5,0.9630854558557104,0.9211609168789776,0.04192453897673276,0.9876126126126126,0.9661335841956726,0.021479028416939938,0.8018867924528302,0.8221709006928406,-0.020284108240010368,0.10034988276560608,0.09914754238605807,0.0012023403795480142,0.8800661953031315,0.7354955641446562,0.14457063115847524,0.8867616398749577,0.7386897982933833,0.14807184158157438,0.7159782567743278,0.31468932175946157,0.40128893501486623,1.0,1.0,0.0,0.8333006131991985
4,5,0.9635551985673759,0.9157207813997852,0.04783441716759074,0.9884543761638733,0.9596928982725528,0.028761477891320553,0.8258706467661692,0.7868131868131868,0.039057459952982376,0.09573536003496923,0.10925376152387153,-0.013518401488902307,0.8804400593920894,0.7366605884309074,0.14377947096118193,0.886757815570902,0.7407210166521943,0.1460367989187078,0.7198263686393507,0.2663424914442918,0.4534838771950589,1.0,1.0,0.0,0.8339113097379155
5,5,0.9641433652283304,0.9168754482572183,0.0472679169711121,0.9919737322145202,0.9675456389452333,0.024428093269286966,0.8349753694581281,0.7982261640798226,0.036749205378305505,0.09102449850492185,0.10676855823266,-0.015744059727738152,0.8809878631433751,0.7366287501542477,0.1443591129891274,0.8868210679863063,0.7404099797943942,0.14641108819191218,0.7243188569910728,0.27536761317238373,0.44895124381868906,1.0,1.0,0.0,0.8342821315809006
6,5,0.9647927350215554,0.920165335767989,0.0446273992535664,0.9899590925994793,0.9759152215799615,0.014043871019517873,0.8106796116504854,0.8224719101123595,-0.011792298461874129,0.08933388868025577,0.10077454959019191,-0.011440660909936146,0.8805075880206367,0.7358480212376566,0.1446595667829801,0.88629668303564,0.7391306752046334,0.14716600783100664,0.7290286748818792,0.3034931049804025,0.4255355699014767,1.0,1.0,0.0,0.8336714493159079
7,5,0.9641456871497607,0.9148428203845503,0.04930286676521034,0.9830570902394107,0.958498023715415,0.024559066523995643,0.8019559902200489,0.7857142857142857,0.016241704505763233,0.09314348947215514,0.11208268038176283,-0.01893919090960769,0.8804472066987229,0.7368157534090113,0.1436314532897116,0.8865298165385596,0.7411540538013394,0.1453757627372202,0.7240821258885534,0.2601170338965315,0.46396509199202185,1.0,1.0,0.0,0.8339112859483748
8,5,0.9645530697725195,0.9130576607694143,0.05149540900310523,0.986998514115899,0.9555555555555556,0.031442958560343404,0.8308457711442786,0.810989010989011,0.019856760155267605,0.08873729587349498,0.11754267834921106,-0.028805382475716082,0.8809142612742518,0.7357912028258589,0.1451230584483929,0.8866042421662786,0.7409948675932008,0.14560937457307788,0.7282090193241315,0.24453900882518065,0.48367001049895086,1.0,1.0,0.0,0.8339112098218449
9,5,0.9629341024262427,0.9143581079371405,0.048575994489102214,0.9883195177091183,0.9692451071761417,0.01907441053297665,0.7837837837837838,0.8088888888888889,-0.025105105105105108,0.09725796846124375,0.11288342650790442,-0.01562545804666067,0.8808758328321875,0.7367983110584073,0.1440775217737802,0.8872403211792316,0.7412199283539572,0.14602039282527435,0.7154063349100188,0.25407970226226,0.4613266326477588,1.0,1.0,0.0,0.8342167293758956
10,5,0.9628020904138053,0.9170339175602011,0.04576817285360413,0.987369985141159,0.9545893719806763,0.03278061316048275,0.8058968058968059,0.7777777777777778,0.02811902811902811,0.10405370799933474,0.10601274826464238,-0.001959040265307646,0.8794368923826459,0.736964073114287,0.14247281926835886,0.8865531445816762,0.7406146161921423,0.14593852838953392,0.7141953725317015,0.2797380329177037,0.4344573396139978,1.0,1.0,0.0,0.8332570212450113
11,5,0.9637864232438578,0.9130673013983733,0.05071912184548444,0.9824822959373836,0.9712643678160919,0.011217928121291632,0.8004694835680751,0.7981438515081206,0.0023256320599545077,0.09272937432952352,0.11414556663808821,-0.021416192308564688,0.8809155384794816,0.737414542307505,0.14350099617197654,0.8869197327778696,0.741856502131712,0.14506323064615767,0.7216303384331232,0.24536562136389764,0.4762647170692256,1.0,1.0,0.0,0.8344565707662707
12,5,0.9639815448286877,0.9136683284464278,0.05031321638225994,0.9887556221889056,0.9622285174693107,0.02652710471959485,0.8009708737864077,0.7595505617977528,0.04142031198865492,0.09205222724340563,0.11339986512991462,-0.021347637886508994,0.8807955818095208,0.7371341912579273,0.14366139055159344,0.886783662993543,0.7415575293447234,0.14522613364881964,0.7225643008201342,0.2506667132359067,0.4718975875842275,1.0,1.0,0.0,0.8343040132003402
13,5,0.9630212427215146,0.9144298134659774,0.048591429255537166,0.9869402985074627,0.9579751671442216,0.02896513136324108,0.8215158924205379,0.7991071428571429,0.022408749563395003,0.10044939451300279,0.11144274621899368,-0.01099335170599089,0.8799411017920707,0.7369469149545212,0.1429941868375495,0.886711422614653,0.7411793465310854,0.14553207608356755,0.7154877516064249,0.2552901899286633,0.46019756167776155,1.0,1.0,0.0,0.8336713493998376
14,5,0.9639227078977832,0.9140249841057141,0.04989772379206914,0.9928598271326569,0.9634146341463414,0.029445192986315427,0.8247663551401869,0.7622377622377622,0.06252859290242474,0.09212629304344429,0.11432278943750243,-0.022196496394058143,0.8809046222338065,0.7365137570553144,0.1443908651784921,0.8868608732284322,0.7411754600964789,0.14568541313195327,0.7223244120338406,0.2543329955843507,0.4679914164494899,1.0,1.0,0.0,0.834194961946251
15,5,0.9622033695881147,0.9167667895745979,0.0454365800135168,0.9846038302666166,0.9671052631578947,0.017498567108721885,0.8240740740740741,0.8047058823529412,0.01936819172113291,0.10182713926463913,0.10475723512878762,-0.0029300958641484964,0.8807358290412173,0.7377685811155463,0.14296724792567095,0.8874717919581991,0.7410577892116151,0.146414002746584,0.7098346514549924,0.2777467612424683,0.4320878902125241,1.0,1.0,0.0,0.8344128931697374
16,5,0.9638136921031751,0.9150653976945622,0.04874829440861295,0.9894815927873779,0.9446009389671362,0.044880653820241756,0.8418604651162791,0.775175644028103,0.06668482108817608,0.09536963793624498,0.1143756217462079,-0.01900598380996292,0.8803046457471184,0.7353134081433472,0.1449912376037712,0.8865978610311055,0.7402635954140133,0.14633426561709217,0.7221102046455381,0.2648900683674143,0.4572201362781238,1.0,1.0,0.0,0.8333659725830304
17,5,0.9643584889945338,0.9142682500586998,0.050090238935833975,0.9884500745156483,0.9558964525407478,0.032553621974900415,0.8171021377672208,0.7889908256880734,0.02811131207914741,0.09346032796762097,0.11565022950933915,-0.022189901541718182,0.8801313059252147,0.7351240241209724,0.14500728180424227,0.8862863789265679,0.7402683734711759,0.146018005455392,0.7258571217081449,0.2570220715042473,0.4688350502038976,1.0,1.0,0.0,0.833191561945109
18,5,0.9636850368921197,0.9158611054110674,0.04782393148105235,0.9862606758262161,0.9458413926499033,0.040419283176312826,0.8099762470308789,0.8188073394495413,-0.008831092418662423,0.09563139826606598,0.10809529900800485,-0.012463900741938871,0.880439455348335,0.7371888778047868,0.1432505775435482,0.886719124371902,0.7410237578951504,0.14569536647675163,0.7208175770099382,0.26875728871327237,0.45206028829666584,1.0,1.0,0.0,0.8340638482722132
19,5,0.9625851851583034,0.915608134735969,0.046977050422334354,0.989764973464746,0.9550045913682277,0.03476038209651833,0.8248175182481752,0.7825112107623319,0.0423063074858433,0.10062432691933602,0.11043596995226804,-0.009811643032932013,0.8804401748450028,0.7361893785893555,0.1442507962556473,0.8871507879202728,0.740510445978324,0.14664034194194875,0.7126332826218247,0.26458073667563653,0.44805254594618815,1.0,1.0,0.0,0.8337368229734642
20,5,0.0007878731956176452,0.0020434667272115647,0.002244129136965538,0.0025195555631939786,0.007665577945362448,0.00799173536199457,0.01478845966478646,0.01980075596759731,0.027699555434340977,0.0047082160241104795,0.004755585830671546,0.007496399284318012,0.00038272734924068674,0.0007210192253939231,0.0007368562396206751,0.00032105001835055835,0.0007239115929111943,0.0007079168055304823,0.0059354626615121635,0.017310601673697783,0.018725572507253888,0.0,0.0,0.0,0.00038668554616821385
0,4,0.9638400519766209,0.9169500295389318,0.04689002243768914,0.9906611878968995,0.9638095238095238,0.026851664087375715,0.8,0.8055555555555556,-0.005555555555555536,0.09629203206548767,0.10698880260196968,-0.010696770536482006,0.8799585917145958,0.7363579048500124,0.14360068686458338,0.8863989395400003,0.7402612109044764,0.14613772863552388,0.7223154836641793,0.2784557015682386,0.4438597820959407,1.0,1.0,0.0,0.8334315413148193
1,4,0.9627830133237272,0.9180518817929435,0.044731131530783674,0.9863619609288611,0.960552268244576,0.025809692684285124,0.8163265306122449,0.8021505376344086,0.014175992977836338,0.09964011428793025,0.10415206850014491,-0.004511954212214661,0.8805114973215881,0.7363732112284959,0.1441382860930922,0.8871092519751865,0.7399446280880156,0.1471646238871709,0.7139367878653192,0.28704790135392916,0.42688888651139006,1.0,1.0,0.0,0.8338894661817406
2,4,0.9653380905990545,0.9167566806101674,0.04858140998888716,0.9925121677274429,0.9715909090909091,0.020921258636533824,0.8033980582524272,0.797752808988764,0.005645249263663166,0.08656715313711288,0.10860349634685443,-0.022036343209741543,0.8805672329924323,0.7364490630565843,0.14411816993584803,0.886124573959342,0.7405246901376313,0.14559988382171063,0.7340582282035283,0.27900691965809093,0.45505130854543735,1.0,1.0,0.0,0.8338678176997989
3,4,0.9636015980077944,0.9223880882826905,0.04121350972510396,0.987270685136653,0.9696969696969697,0.017573715439683224,0.8122171945701357,0.8554216867469879,-0.04320449217685218,0.0962586085946808,0.09611402865844743,0.0001445799362333744,0.8803434111867805,0.7359928363748198,0.14435057481196067,0.8866920152961801,0.7387183332274521,0.14797368206872807,0.7200715084544095,0.3219321701112722,0.3981393383431373,1.0,1.0,0.0,0.833605885342027
4,4,0.9640693956826303,0.9194556328597349,0.04461376282289542,0.9887514060742407,0.9566037735849057,0.032147632489335054,0.7825,0.8008752735229759,-0.018375273522975966,0.09524301255592113,0.09970734469300566,-0.004464332137084526,0.8801237837863184,0.7368875393027186,0.14323624448359984,0.886398664444289,0.7398156074322866,0.14658305701200247,0.7238826165383487,0.3012950980965163,0.42258751844183245,1.0,1.0,0.0,0.8337368657946372
5,4,0.9645022712792004,0.9176044482944843,0.04689782298471612,0.9921671018276762,0.9560229445506692,0.03614415727700704,0.8254364089775561,0.7807017543859649,0.044734654591591205,0.09256322246936058,0.10565088439398806,-0.013087661924627486,0.8801976158270604,0.7364879531407336,0.1437096626863268,0.8862754270275444,0.7401985585511017,0.14607686847644263,0.7270593484448399,0.2832435310153655,0.4438158174294744,1.0,1.0,0.0,0.833649629549274
6,4,0.9659633716776531,0.9182038234823322,0.04775954819532091,0.9892751479289941,0.956989247311828,0.032285900617166075,0.8694581280788177,0.7560975609756098,0.11336056710320797,0.08574076518393077,0.10237999828111204,-0.016639233097181266,0.8800222608524877,0.7375418311677359,0.14248042968475183,0.8855910044888088,0.7406082567393071,0.1449827477495017,0.7374729279761455,0.2924881587487615,0.444984769227384,1.0,1.0,0.0,0.8338894804554652
7,4,0.9638478713245211,0.9154914303077962,0.04835644101672487,0.9872228485531755,0.9624765478424016,0.024746300710773994,0.7887323943661971,0.7540603248259861,0.03467206954021107,0.09407312655074593,0.11076790496249866,-0.016694778411752736,0.880535357937448,0.7364837866724121,0.14405157126503587,0.8866962137560332,0.740784870407715,0.14591134334831823,0.7224096516880042,0.26791968404462424,0.45448996764337996,1.0,1.0,0.0,0.8338896327085248
8,4,0.9635930655480799,0.9189595506975887,0.04463351485049116,0.9914370811615786,0.9711815561959655,0.020255524965613114,0.8236775818639799,0.8108695652173913,0.012808016646588594,0.09578645914817821,0.1038907727316893,-0.008104313583511089,0.8805967396264807,0.7357363404854325,0.1448603991410482,0.8868438795861142,0.7394336293241981,0.14741025026191612,0.7207177405914741,0.2940657581003817,0.4266519824910924,1.0,1.0,0.0,0.8336932548088178
9,4,0.9645343048099952,0.9185202589773105,0.04601404583268476,0.990675121223424,0.97131931166348,0.019355809559944093,0.7985257985257985,0.7977777777777778,0.0007480207480207168,0.09316745111691249,0.10445182584848127,-0.011284374731568778,0.8799836503538124,0.7360514690866787,0.1439321812671337,0.8861433120777142,0.7397305090661623,0.1464128030115519,0.7279619155854103,0.29027024025351805,0.4376916753318923,1.0,1.0,0.0,0.8333661676572632
10,4,0.9629579887912385,0.9209209367443524,0.042037052046886125,0.9892353377876764,0.968054211035818,0.021181126751858348,0.8037825059101655,0.804147465437788,-0.0003649595276224993,0.09891574142124267,0.09781717145453353,0.001098569966709137,0.8804678715755225,0.7370942135857391,0.1433736579897834,0.8870173042347377,0.7397215342929137,0.14729576994182403,0.7150043974998004,0.31422747285490754,0.40077692464489284,1.0,1.0,0.0,0.834064038588538
11,4,0.9633209611854401,0.9172107424084338,0.04611021877700627,0.9884285181037701,0.9656488549618321,0.022779663141938022,0.8085106382978723,0.8248847926267281,-0.016374154328855806,0.09643423136590576,0.108062150550625,-0.01162791918471924,0.880596447611848,0.7356506124539153,0.1449458351579327,0.886932951499014,0.7398300222893829,0.14710292920963108,0.7178875585236056,0.28055521615874424,0.4373323423648614,1.0,1.0,0.0,0.8336713779472863
12,4,0.9643766259269626,0.91819705307349,0.04617957285347263,0.9921289355322339,0.9518413597733711,0.04028757575886277,0.8194774346793349,0.8188073394495413,0.0006700952297935547,0.09459416344656414,0.10333381483720663,-0.008739651390642492,0.8801238831043513,0.7369318893496901,0.14319199375466118,0.8863030940847862,0.7402966634870731,0.14600643059771312,0.7256103276024458,0.28631753994657616,0.43929278765586965,1.0,1.0,0.0,0.8337367753943831
13,4,0.9645325210215064,0.9156149727244717,0.04891754829703476,0.991519174041298,0.9625615763546798,0.02895759768661821,0.814385150812065,0.784037558685446,0.030347592126618972,0.0918694825399226,0.11091548698727974,-0.019046004447357143,0.880263822086165,0.7361911914153707,0.14407263067079434,0.8862930338879,0.7405826495495174,0.14571038433838268,0.7271417906562909,0.2673607851070639,0.459781005549227,1.0,1.0,0.0,0.833606047110903
14,4,0.9639931983996943,0.9154001261978235,0.04859307220187081,0.9880730525531122,0.9674329501915708,0.020640102361541346,0.795,0.8358862144420132,-0.040886214442013125,0.09440196520295703,0.11109428000181805,-0.01669231479886102,0.8803552971269684,0.7362153090455705,0.14413998808139783,0.8865611747925073,0.7405814957742759,0.1459796790182314,0.7231268759800147,0.2675941942767378,0.4555326817032769,1.0,1.0,0.0,0.8336713827051943
15,4,0.9638135840909718,0.9172623751807428,0.046551208910229014,0.9869158878504672,0.9600760456273765,0.02683984222309077,0.8218527315914489,0.7798165137614679,0.042036217829981015,0.09681630963227622,0.10602757034026242,-0.009211260707986196,0.8800529625535466,0.7369071538336464,0.14314580871990024,0.8864703894995246,0.740519869345446,0.1459505201540786,0.7220768309889845,0.2816713692295548,0.44040546175942963,1.0,1.0,0.0,0.8337150174805545
16,4,0.9641152223446788,0.9200794983293674,0.04403572401531142,0.9883633633633634,0.9548447789275635,0.033518584435799914,0.8447058823529412,0.7986111111111112,0.046094771241830035,0.09024600783064671,0.09778499587631127,-0.007538988045664566,0.8811099829017598,0.7374358976579464,0.14367408524381342,0.886888212207784,0.7400470454309819,0.14684116677680215,0.7241467785005644,0.30852647858963805,0.41562029991092636,1.0,1.0,0.0,0.8345873323551075
17,4,0.963601118750933,0.9202350812286314,0.043366037522301615,0.9916824196597354,0.9731977818853974,0.018484637774337953,0.800453514739229,0.7644230769230769,0.03603043781615212,0.09597060982904634,0.09934331547107891,-0.0033727056420325696,0.8804591002380743,0.7363786836716474,0.1440804165664269,0.8867551621733151,0.7394102666906264,0.1473448954826887,0.7200834263076691,0.3057687627053935,0.4143146636022756,1.0,1.0,0.0,0.8338460740596945
18,4,0.9618712499629412,0.9185615635844551,0.04330968637848609,0.9888059701492538,0.9617956064947469,0.02701036365450682,0.8048780487804879,0.8187919463087249,-0.013913897528237018,0.10744002279071271,0.10245210802841687,0.0049879147622958475,0.8796495255104514,0.7368725083075464,0.14277701720290503,0.8870400294186622,0.7401562863989569,0.1468837430197053,0.7064319403707149,0.29189306958014394,0.41453887079057095,1.0,1.0,0.0,0.8333660391937439
19,4,0.9638253842920964,0.9183078801049843,0.04551750418711209,0.9889817629179332,0.971689497716895,0.017292265201038215,0.8202764976958525,0.8297872340425532,-0.009510736346700632,0.09664675251793667,0.10528475476516319,-0.008638002247226523,0.8799226427105514,0.7356180706627777,0.1443045720477737,0.8863826630772793,0.7394991652547214,0.14688349782255794,0.7222104010850877,0.28928835607785186,0.43292204500723586,1.0,1.0,0.0,0.8332133626801106
20,4,0.0008563924432910996,0.0017713364178989445,0.002158204464574335,0.00188409238869983,0.006345311208703513,0.006402557186080527,0.019090105811983896,0.025567125482298173,0.03485988261750433,0.0044966343983469425,0.004374727191868987,0.006834666110852871,0.0003205392408887443,0.0005348373287254651,0.0006207705756292658,0.00037084976844469863,0.0005092910405449236,0.0007342859899111677,0.006588538108992108,0.01471319378936054,0.017489098683034412,0.0,0.0,0.0,0.0002847355452899606
0,3,0.9651924560205318,0.9196689051743159,0.045523550846215954,0.9828506097560976,0.957388939256573,0.025461670499524636,0.8104265402843602,0.7908045977011494,0.019621942583210816,0.0916217099918518,0.10294252176359145,-0.011320811771739644,0.8794146442958916,0.7353379543499712,0.14407668994592038,0.8855722759518025,0.7389730041496461,0.14659927180215648,0.7325197655681155,0.2994424652814655,0.43307730028665,1.0,1.0,0.0,0.8327989155775815
1,3,0.9647800867873109,0.9189783291448583,0.045801757642452534,0.9821295606850335,0.968299711815562,0.013829848869471584,0.7753623188405797,0.7923250564334086,-0.016962737592828847,0.10178693534627536,0.10212391457150019,-0.00033697922522482604,0.8778471201967353,0.7365979967123987,0.1412491234843366,0.8849689403446581,0.7398606557183763,0.14510828462628178,0.7303818790631851,0.29348558462648133,0.43689629443670375,1.0,1.0,0.0,0.83212291674993
2,3,0.96344375822354,0.9243702680192293,0.039073490204310724,0.9861630516080778,0.9639126305792972,0.02225042102878061,0.7909319899244333,0.8434782608695652,-0.05254627094513198,0.09938867982806374,0.0906168502906942,0.008771829537369533,0.8799789189755955,0.7362176296174281,0.14376128935816745,0.8865989958050399,0.7382984792659356,0.14830051653910425,0.7191604457727185,0.34184121697715003,0.3773192287955685,1.0,1.0,0.0,0.8333659868567548
3,3,0.9639856376952747,0.9187001679740536,0.04528546972122105,0.9858788554440728,0.9584942084942085,0.02738464694986431,0.78239608801956,0.8080357142857143,-0.025639626266154347,0.09562757674950036,0.10447560336732087,-0.008848026617820512,0.8802619990493602,0.7356861646631814,0.14457583438617883,0.8865302696257846,0.7394829147810639,0.14704735484472076,0.7238166827848033,0.291255383733766,0.43256129905103724,1.0,1.0,0.0,0.833431484219922
4,3,0.9650251705084735,0.9202502591191768,0.04477491138929668,0.9908155767817781,0.972139303482587,0.018676273299191082,0.8216867469879519,0.8552036199095022,-0.03351687292155037,0.09683859538889053,0.09967311251712122,-0.0028345171282306847,0.87878245057571,0.7367380299986361,0.1420444205770739,0.8853451186084038,0.7397501607940258,0.14559495781437803,0.7315589115827711,0.3071258574225134,0.4244330541602577,1.0,1.0,0.0,0.8327771338742125
5,3,0.9638721587700976,0.9160233531018538,0.04784880566824379,0.9906542056074766,0.9724334600760456,0.01822074553143105,0.8117647058823529,0.8125,-0.0007352941176470562,0.09924944563521032,0.1127132971752279,-0.013463851540017585,0.8793050766582684,0.7347892674039727,0.14451580925429575,0.8860611037970519,0.7397345406213071,0.14632656317574488,0.7221900822971664,0.270188501002337,0.4520015812948294,1.0,1.0,0.0,0.8324937052875585
6,3,0.9663183394143555,0.9222076866705236,0.04411065274383197,0.9894815927873779,0.9784037558685446,0.01107783691883335,0.8265060240963855,0.8144796380090498,0.01202638608733575,0.0859290909356448,0.09755144013959778,-0.011622349203952984,0.8796682170724704,0.7354622002607107,0.1442060168117597,0.8852611267821155,0.7384472109205297,0.14681391586158588,0.7407232901695678,0.3219861117295405,0.41873717844002734,1.0,1.0,0.0,0.8329735117739195
7,3,0.9649180259846497,0.9232838747016506,0.04163415128299908,0.9913793103448276,0.9735599622285175,0.01781934811631014,0.8066037735849056,0.8290993071593533,-0.022495533574447668,0.09887064625395649,0.09114262126844178,0.0077280249855147115,0.8780863002504052,0.7371463516134135,0.14093994863699177,0.8850036238548554,0.739022139256327,0.14598148459852844,0.7298256835529813,0.33150424371662607,0.3983214398363552,1.0,1.0,0.0,0.8324718855209243
8,3,0.9635121583045436,0.9221609085223565,0.04135124978218707,0.9918578830495929,0.9648780487804878,0.026979834269105107,0.8215962441314554,0.7958236658932715,0.025772578238183907,0.10427242690483987,0.0971204386309418,0.007151988273898069,0.8784909993324546,0.736049160713996,0.1424418386184586,0.8857794973418175,0.738899603564406,0.1468798937774115,0.7198686432703112,0.32556813821653985,0.39430050505377134,1.0,1.0,0.0,0.8323628390247431
9,3,0.9652103672635594,0.9176379864095272,0.04757238085403215,0.9880463205080314,0.9704761904761905,0.017570130031840936,0.801980198019802,0.8322295805739515,-0.03024938255414944,0.09507829706870398,0.10850962703512002,-0.013431329966416036,0.8786242054527873,0.7348556773247437,0.14376852812804364,0.8851696957651074,0.7393061373046105,0.14586355846049692,0.7327189608131841,0.28379925726691935,0.44891970354626476,1.0,1.0,0.0,0.8320356234096693
10,3,0.9671860334988782,0.9222171621523814,0.04496887134649685,0.985256173977147,0.960552268244576,0.024703905732571085,0.8188235294117647,0.8217592592592593,-0.0029357298474945726,0.08506554368286284,0.09282366983313557,-0.007758126150272729,0.8787763862329291,0.7377770348253769,0.14099935140755215,0.8844652356374316,0.739740868218142,0.14472436741928962,0.7485806388067132,0.3245563313070969,0.42402430749961634,1.0,1.0,0.0,0.8331042352994913
11,3,0.9645076023291148,0.9182049688065204,0.04630263352259445,0.9881173412551059,0.9700193423597679,0.01809799889533792,0.823394495412844,0.8171021377672208,0.006292357645623192,0.09513085765605042,0.1029174611834746,-0.007786603527424177,0.8795301109718006,0.7370545001145271,0.14247561085727345,0.8859103199263167,0.7403034581813801,0.14560686174493664,0.7267741717906853,0.2879170715834733,0.43885710020721197,1.0,1.0,0.0,0.8333878494445617
12,3,0.9647043060562458,0.9192091333671693,0.045495172689076546,0.9855072463768116,0.9484162895927601,0.0370909567840515,0.817966903073286,0.771889400921659,0.04607750215162698,0.09420920416087104,0.10577770874907066,-0.011568504588199621,0.879398632894677,0.7348234826959967,0.14457515019868028,0.8857622604516144,0.7388986335128942,0.14686362693872024,0.7285371037799366,0.29798637515000265,0.430550728629934,1.0,1.0,0.0,0.8326026328360367
13,3,0.9628334953851422,0.9181406304069203,0.04469286497822189,0.9906367041198502,0.9631031220435194,0.02753358207633072,0.8219512195121951,0.8031319910514542,0.01881922846074091,0.10506179800932709,0.10484613439627946,0.00021566361304763138,0.8789913647105712,0.7358539848327501,0.14313737987782105,0.8862771503442689,0.7395957193885991,0.14668143095566977,0.7139142520422801,0.28811227728345706,0.42580197475882303,1.0,1.0,0.0,0.8326899499658383
14,3,0.9637141804768229,0.9205690561289159,0.04314512434790696,0.9891831406191719,0.9751434034416826,0.014039737177489298,0.837378640776699,0.7955056179775281,0.041873022799170934,0.09685641286568421,0.10024460096881009,-0.003388188103125883,0.8799746537516706,0.7357094111347419,0.14426524261692875,0.8864688643065998,0.7389609880719672,0.14750787623463257,0.7210561363505399,0.3072802110671554,0.41377592528338447,1.0,1.0,0.0,0.8332788552853699
15,3,0.9657143640349695,0.9170123221861919,0.04870204184877758,0.987218045112782,0.9643861293345829,0.022831915778199097,0.855072463768116,0.7923250564334086,0.0627474073347074,0.09074567159378893,0.10789845926019478,-0.01715278766640585,0.8791785259820841,0.735762049574772,0.14341647640731214,0.885251671804476,0.7398723355138703,0.14537933629060562,0.7362609336032446,0.28059712977336243,0.4556638038298822,1.0,1.0,0.0,0.832755299833854
16,3,0.9617174568601354,0.9200657178428833,0.041651739017252165,0.9846326836581709,0.9584513692162417,0.02618131444192917,0.7970660146699267,0.8013392857142857,-0.004273271044359039,0.11307411725176682,0.10310805006452708,0.009966067187239733,0.8785468407715511,0.7351559717616126,0.14339086900993847,0.8865261686392906,0.7388716605078276,0.14765450813146297,0.7056399468447732,0.3065273414627148,0.39911260538205834,1.0,1.0,0.0,0.832101025614674
17,3,0.9649423984660599,0.9230665915655536,0.041875806900506296,0.9850968703427719,0.9837008628954937,0.0013960074472781914,0.8161764705882353,0.8062360801781737,0.009940390410061561,0.08890556870796815,0.09389070984126245,-0.004985141133294305,0.880478087034391,0.7359224798320019,0.14455560720238914,0.8862363256067036,0.7384180598561293,0.14781826575057433,0.7302647012682308,0.33050749302907156,0.3997572082391593,1.0,1.0,0.0,0.8336714493159081
18,3,0.9644991117076771,0.9264175556857037,0.038081556021973384,0.9866765358993338,0.9678048780487805,0.018871657850553336,0.8073394495412844,0.8194774346793349,-0.012137985138050422,0.09252771645383154,0.08634616228849877,0.006181554165332767,0.8800890241821773,0.7359660429518237,0.1441229812303536,0.8862013553186466,0.737597074696817,0.14860428062182962,0.727188234864514,0.35833644531673337,0.36885178954778064,1.0,1.0,0.0,0.8334096596953797
19,3,0.9633144735318279,0.9184028693043651,0.044911604227462765,0.9843924191750278,0.9584942084942085,0.025898210680819322,0.7907542579075426,0.8026905829596412,-0.011936325052098629,0.10127059448098386,0.10266137914501747,-0.001390784664033612,0.8795485275997823,0.7369666970719895,0.14258183052779283,0.8864110634571954,0.7402611742368739,0.14614988922032157,0.7182548585439387,0.290663585968075,0.42759127257586366,1.0,1.0,0.0,0.8333660296779277
20,3,0.00120459406537588,0.002609309127377585,0.002734779948769462,0.002826137213404773,0.008142393515331246,0.007406943691775408,0.018321721746986826,0.01920527980882555,0.028305353322545534,0.006570913362373412,0.006577325931484778,0.008173277993428252,0.0007066379379438482,0.0008166147636401365,0.0011907751695770061,0.0006137065646548218,0.0006835971178825774,0.0010283336943351686,0.009330473369301078,0.02239125422202317,0.023232814730736313,0.0,0.0,0.0,0.0004885426623236262
0,2,0.9680071891132686,0.9270331161065339,0.04097407300673461,0.9889775750665146,0.9826642335766423,0.006313341489872282,0.7875894988066826,0.8424657534246576,-0.05487625461797496,0.09116772427987965,0.08307857762559867,0.008089146654280982,0.8763023277702455,0.7369819450019047,0.1393203827683408,0.8828664440979098,0.7380050532136362,0.14486139088427363,0.7529978075574724,0.3696904452783478,0.38330736227912454,1.0,1.0,0.0,0.8311851045122097
1,2,0.9636802738520498,0.9189527500369549,0.04472752381509493,0.9834497977197499,0.9583333333333334,0.02511646438641657,0.8054862842892768,0.8201754385964912,-0.014689154307214403,0.10074825546928215,0.10179735834303053,-0.0010491028737483754,0.8792754598730499,0.7365793631704859,0.142696096702564,0.886115803832903,0.7398186863701615,0.14629711746274154,0.7208542018587843,0.29439663018974177,0.4264575716690426,1.0,1.0,0.0,0.8330824202907653
2,2,0.9736579337962763,0.9244083629738705,0.049249570822405775,0.9755826859045506,0.9658203125,0.00976237340455055,0.8162291169451074,0.8378995433789954,-0.021670426433888057,0.08196853232409262,0.09223604729273316,-0.010267514968640534,0.8721882821302781,0.7358087405608125,0.13637954156946563,0.8785643100168455,0.7380932355302244,0.1404710744866211,0.797044653906475,0.34233118933005613,0.4547134645764189,1.0,1.0,0.0,0.8280659388970408
3,2,0.9649853241301948,0.9257271455095946,0.039258178620600215,0.9903596588802372,0.9669902912621359,0.023369367618101378,0.8554216867469879,0.7895927601809954,0.06582892656599248,0.10016174537342337,0.09042020937121745,0.009741536002205925,0.8778604352116423,0.7347270703268406,0.14313336488480166,0.884876951931313,0.7371427827759073,0.14773416915540571,0.7301051019729948,0.35465014620170554,0.3754549557712893,1.0,1.0,0.0,0.831533987640858
4,2,0.9743849533880662,0.9259609857604716,0.0484239676275946,0.9867824773413897,0.9610750695088045,0.025707407832585183,0.8077858880778589,0.7780269058295964,0.029758982248262456,0.07842814355522063,0.08907104028833193,-0.010642896733111307,0.8721189660684108,0.735111781314505,0.13700718475390572,0.8782427792382081,0.7372736995742157,0.1409690796639924,0.8020089211500251,0.35879289331017605,0.44321602783984904,1.0,1.0,0.0,0.8277826625634468
5,2,0.9637787555652746,0.9222504205677143,0.04152833499756026,0.988905325443787,0.9521016617790812,0.03680366366470578,0.8218527315914489,0.7958715596330275,0.025981171958421423,0.1013815167430775,0.10440547025124078,-0.003023953508163285,0.8790478312043433,0.7315880271086835,0.14745980409565973,0.8859642777939941,0.7363698037867858,0.14959447400720827,0.7221469078557162,0.3278608931031286,0.3942860147525876,1.0,1.0,0.0,0.8313158470694141
6,2,0.9669686456547282,0.9302102335855432,0.036758412069184954,0.9895949461166852,0.9613899613899614,0.028204984726723836,0.9214285714285714,0.8146453089244852,0.10678326250408621,0.09932356306015154,0.07964329572284416,0.019680267337307378,0.8754710018769559,0.7355207698736266,0.13995023200332934,0.8828552100710935,0.7364738906817792,0.1463813193893143,0.7449093175811975,0.393920211023675,0.35098910655752247,1.0,1.0,0.0,0.8301597182176496
7,2,0.9650937299033175,0.9296387352436495,0.03545499465966806,0.9947526236881559,0.9603399433427762,0.0344126803453797,0.9556135770234987,0.8143459915611815,0.1412675854623172,0.10344598356314227,0.08138930837257408,0.022056675190568198,0.8769300215413096,0.7347157533793283,0.14221426816198135,0.8843629305591338,0.7361138674560295,0.14824906310310437,0.73261528805306,0.38893427913469336,0.3436810089183666,1.0,1.0,0.0,0.8308576605175462
8,2,0.9674257236030346,0.9261311706180424,0.04129455298499218,0.9867474441499432,0.9742173112338858,0.012530132916057424,0.801452784503632,0.7905405405405406,0.010912243963091428,0.09675399726366542,0.08791020106156841,0.008843796202097007,0.8760283529295224,0.7354558517807624,0.14057250114875997,0.8829980385065215,0.737451316699112,0.14554672180740946,0.7487183686778512,0.35596121241660283,0.3927571562612484,1.0,1.0,0.0,0.8305089962526717
9,2,0.9662846931591439,0.9230015490884018,0.043283144070742074,0.986998514115899,0.9671497584541063,0.019848755661792672,0.7972665148063781,0.8325358851674641,-0.035269370361086017,0.09299172413574097,0.09675540070273415,-0.003763676566993182,0.8781912918290002,0.7349291823321121,0.1432621094968881,0.8845588481794513,0.7380128660311149,0.14654598214833636,0.740105538447365,0.3303019642704934,0.40980357417687163,1.0,1.0,0.0,0.8317738861261301
10,2,0.9689145357022424,0.9210650973381178,0.047849438364124586,0.9879472693032015,0.9598880597014925,0.028059209601709045,0.8329466357308585,0.8215962441314554,0.011350391599403098,0.07818936500238649,0.1003885100930767,-0.02219914509069021,0.8785845887698803,0.7351130832620368,0.1434715055078435,0.8836969838826206,0.7385870643478859,0.14510991953473473,0.7627363322841902,0.31208232090654603,0.4506540113776442,1.0,1.0,0.0,0.8321009590039605
11,2,0.9657048330212786,0.9213279838837088,0.044376849137569785,0.9936755952380952,0.9653512993262753,0.028324295911819952,0.8431372549019608,0.7728285077951003,0.07030874710686053,0.09381898277569597,0.09868506614267451,-0.004866083366978538,0.8784850405894936,0.7354994238138831,0.1429856167756105,0.8848978097654083,0.7386631425108189,0.14623466725458945,0.7360529001161933,0.3156211311842708,0.42043176893192247,1.0,1.0,0.0,0.8321883903235567
12,2,0.9695872463605294,0.9251162276821956,0.04447101867833381,0.9915627292736611,0.958041958041958,0.03352077123170305,0.8547619047619047,0.7894736842105263,0.0652882205513784,0.09256132966939978,0.09171978365611286,0.0008415460132869257,0.8747511406832962,0.7349783383253496,0.13977280235794654,0.8815256009693773,0.7374497255102511,0.14407587545912615,0.7674900574869572,0.35099444980308636,0.41649560768387084,1.0,1.0,0.0,0.8294838002744361
13,2,0.9681035105168496,0.9258721016628269,0.04223140885402277,0.9806187103988073,0.9616858237547893,0.018932886644018043,0.7942708333333334,0.8076109936575053,-0.013340160324171957,0.09176912714452974,0.08662446293514353,0.00514466420938621,0.8764293038985242,0.7369227361502523,0.13950656774827197,0.8829201691427337,0.7383444136624517,0.144575755480282,0.7544341566100855,0.35647098911404285,0.39796316749604266,1.0,1.0,0.0,0.8312503830116036
14,2,0.963958225294094,0.925257101677248,0.03870112361684608,0.9872802095024317,0.9648956356736242,0.02238457382880743,0.8052256532066508,0.7935779816513762,0.011647671555274686,0.10229885459633743,0.09176844164500694,0.01053041295133049,0.8784748534140325,0.734564072028017,0.14391078138601554,0.885590240631827,0.7371581627602771,0.14843207787154988,0.7228666835383375,0.3518970660140663,0.3709696175242712,1.0,1.0,0.0,0.8318829897172091
15,2,0.9650081924278895,0.9267799562464392,0.038228236181450326,0.9893343140860611,0.9781746031746031,0.011159710911457954,0.8,0.8533916849015317,-0.05339168490153168,0.09849596872536436,0.08871510063318978,0.009780868092174572,0.8780234830299503,0.7348284692531374,0.14319501377681287,0.8849401163108912,0.7370209344107828,0.14791918190010844,0.7311382265249075,0.36122779823110757,0.3699104282937999,1.0,1.0,0.0,0.8316430531686715
16,2,0.970095768796916,0.9241075456015695,0.045988223195346456,0.9901849754624387,0.9573283858998145,0.03285658956262416,0.7845433255269321,0.858139534883721,-0.0735962093567889,0.08212799853071508,0.0994116463015339,-0.017283647770818825,0.8763054096373066,0.732188210486988,0.14411719915031862,0.8820899994839971,0.7362327201746355,0.14585727930936165,0.7697225559671443,0.34292065308784625,0.4268019028792981,1.0,1.0,0.0,0.8296364387248045
17,2,0.965895059807214,0.9208029432856245,0.04509211652158951,0.985962319911341,0.961764705882353,0.024197614028988013,0.8048192771084337,0.8235294117647058,-0.018710134656272137,0.10108968056138867,0.10156322753379401,-0.00047354697240534205,0.8767828346135715,0.7346318316530427,0.14215100296052885,0.8839746730070115,0.7383564013799535,0.14561827162705798,0.7383607097939533,0.3101277422472712,0.4282329675466821,1.0,1.0,0.0,0.8307923867760604
18,2,0.9738054319423654,0.9197363289421947,0.05406910300017065,0.986043002640513,0.949814126394052,0.036228876246460984,0.7933491686460807,0.8279816513761468,-0.03463248273006603,0.08151513004158593,0.10378790362066159,-0.022272773579075658,0.8725613058297341,0.7346328552109733,0.1379284506187608,0.8787580512449764,0.73858343825281,0.14017461299216638,0.7977882461118384,0.3008516320075329,0.4969366141043055,1.0,1.0,0.0,0.8278915710802925
19,2,0.9688545725195962,0.9275913384264376,0.041263234093158574,0.982089552238806,0.9723018147086915,0.009787737530114526,0.7848699763593381,0.8617511520737328,-0.07688117571439468,0.09083201031579216,0.08712091382195604,0.003711096493836122,0.8755014643783838,0.7341296481902034,0.1413718161881804,0.8821318670426906,0.7363052472945305,0.14582661974816014,0.7601384557530523,0.37188574156013154,0.38825271419292073,1.0,1.0,0.0,0.8297454566735369
20,2,0.0032141996035522816,0.0030474214376116355,0.004462909866479605,0.00433108781745529,0.007931964917006292,0.009219880727615813,0.04393990729665079,0.025792902846259597,0.057740562557378305,0.0081877162830477,0.007401507324407144,0.012070903911177157,0.002149077106094046,0.0012732490906712014,0.002640300606173004,0.0022992555119094185,0.0009775044165982597,0.0024966947110100055,0.024504251406976124,0.027136197613332632,0.03691662642820224,0.0,0.0,0.0,0.0014502779770540965
0,1,0.9701839744420007,0.9472237923911356,0.02296018205086503,0.9969879518072289,0.9831932773109243,0.01379467449630456,0.941747572815534,0.8629213483146068,0.07882622450092724,0.09492756992997937,0.06330153163452354,0.031626038295455836,0.8726926404855053,0.7246788459205151,0.1480137945649902,0.8801905011474312,0.7266167553176068,0.15357374582982442,0.7714859092742867,0.5370411496885968,0.2344447595856899,1.0,1.0,0.0,0.8247290276168018
1,1,0.9742910326500486,0.9473525732535683,0.02693845939648032,0.983618492901347,0.976530612244898,0.007087880656448942,0.8282828282828283,0.8351409978308026,-0.006858169547974358,0.08362196664781303,0.060214619540881045,0.023407347106931986,0.8716207884072921,0.726444791357904,0.1451759970493881,0.8780875582758311,0.7274322804886707,0.15065527778716037,0.8024086742659595,0.5336413177711861,0.26876735649477346,1.0,1.0,0.0,0.8246636777487864
2,1,0.9677286313130165,0.9452804308880423,0.022448200424974196,0.9848091885883661,0.9717898832684825,0.0130193053198836,0.8269230769230769,0.9319727891156463,-0.10504971219256942,0.1066947562649748,0.07319789429100301,0.03349686197397178,0.8730113020510819,0.7216168013280713,0.15139450072301064,0.8813532008132332,0.725544897656144,0.15580830315708916,0.7533345386773443,0.5233158521820412,0.2300186864953031,1.0,1.0,0.0,0.8239655403746567
3,1,0.9718103044549246,0.9392153768527166,0.032594927602207946,0.9859311366160681,0.9678362573099415,0.018094879306126632,0.975609756097561,0.7919463087248322,0.18366344737272877,0.10106443695054705,0.0652940287266662,0.03577040822388085,0.869959715914739,0.7325569350727906,0.13740278084194835,0.8781946459097074,0.7326418499228438,0.14555279598686366,0.7847982803866774,0.4732098462550348,0.3115884341316426,1.0,1.0,0.0,0.8254704476810906
4,1,0.9711348422799568,0.9384719644182097,0.03266287786174715,0.9749719835636907,0.9723809523809523,0.0025910311827384014,0.7990654205607477,0.7715617715617715,0.02750364899897617,0.10078531968406215,0.06782740139172515,0.032957918292337005,0.8706769187574205,0.7318332093972778,0.13884370936014268,0.8787844550881948,0.7323910969977039,0.14639335809049092,0.7772816496891413,0.4675531435163274,0.3097285061728139,1.0,1.0,0.0,0.8257324371337601
5,1,0.9752506277288091,0.9390285069608371,0.036222120767972044,0.9902439024390244,0.9839924670433146,0.006251435395709826,0.8364928909952607,0.9540229885057471,-0.11753009751048638,0.08463977914909779,0.07318768166393945,0.011452097485158338,0.8700153947083287,0.7286316173384391,0.1413837773698896,0.8769024361818738,0.7306778261343564,0.1462246100475174,0.8098405025644313,0.47322544028537655,0.33661506227905474,1.0,1.0,0.0,0.8241837094935492
6,1,0.9728561156905984,0.9474425068726111,0.025413608817987265,0.9745222929936306,0.9792060491493384,-0.004683756155707819,0.8354755784061697,0.8675213675213675,-0.03204578911519784,0.10319970643429181,0.06630960355560858,0.03689010287868323,0.8680688265099944,0.723852208966523,0.14421661754347137,0.8768301973441914,0.7262905736080248,0.15053962373616658,0.7923931122924531,0.5403424225265492,0.25205068976590395,1.0,1.0,0.0,0.8213919498097788
7,1,0.9715202978829931,0.9285604015318091,0.042959896351184024,0.9903201787043932,0.9721421709894332,0.01817800771495992,0.8615023474178404,0.8120649651972158,0.04943738222062455,0.0967569553659864,0.09476707825061298,0.00198987711537342,0.8709515015815243,0.729170274591515,0.1417812269900094,0.8787782508504407,0.7335054628884186,0.14527278796202214,0.7815587660771386,0.37531592732864877,0.4062428387484898,1.0,1.0,0.0,0.8250126845830457
8,1,0.9769009661975877,0.9347311039233176,0.04216986227427011,0.9883764529433821,0.9632075471698113,0.025168905773570782,0.9338235294117647,0.844097995545657,0.08972553386610771,0.08697733924598723,0.0821092687640829,0.004868070481904338,0.8670507842362178,0.7291122642795841,0.13793851995663375,0.8746916654569411,0.731944324080013,0.14274734137692813,0.8221604731187675,0.4450640053202604,0.3770964677985071,1.0,1.0,0.0,0.8224387990278641
9,1,0.9681288609575232,0.9405026634654835,0.02762619749203965,0.9834558823529411,0.9592850049652433,0.024170877387697853,0.8065268065268065,0.794392523364486,0.01213428316232057,0.12323623085035948,0.07688674508396579,0.046349485766393694,0.8684878034631078,0.7254092488869827,0.14307855457612517,0.8788346254053907,0.7286625873221332,0.15017203808325752,0.7531605612618375,0.4835299449428983,0.2696306163189392,1.0,1.0,0.0,0.8221773519767206
10,1,0.966416349523025,0.9398061925319725,0.026610156991052514,0.9836065573770492,0.9731543624161074,0.01045219496094174,0.8886198547215496,0.8513513513513513,0.03726850337019827,0.1049100693936493,0.07332644882414951,0.03158362056949979,0.8746898481043907,0.728048333384226,0.14664151472016462,0.8826694379972316,0.7301737578506752,0.15249568014655646,0.7408227926274481,0.4776698682210549,0.2631529244063932,1.0,1.0,0.0,0.8272589263114222
11,1,0.9738099749494671,0.9445898909903507,0.02922008395911635,0.9850299401197605,0.9819905213270143,0.0030394187927462735,0.9719626168224299,0.8135198135198135,0.1584428033026164,0.09867270088117298,0.06676903432581617,0.03190366655535681,0.8678342225889782,0.7264011867654011,0.14143303582357714,0.8763154611404564,0.7283113428386664,0.14800411830179006,0.7997009296586536,0.520795219731237,0.2789057099274166,1.0,1.0,0.0,0.8220026225589552
12,1,0.9716701346834313,0.9367752450429052,0.03489488964052612,0.9893858984078847,0.9669421487603306,0.022443749647554134,0.8215158924205379,0.8102678571428571,0.011248035277680812,0.09506682753625689,0.0839865959870783,0.011080231549178587,0.8717840381360084,0.7252561489988668,0.14652788913714154,0.8791784780555473,0.7294151197852201,0.14976335827032716,0.7829894039797674,0.450322086282544,0.33266731769722335,1.0,1.0,0.0,0.8244020403813177
13,1,0.9704773896786756,0.9335772167221581,0.036900172956517485,0.9888434362216437,0.9662813102119461,0.022562126009697647,0.7975609756097561,0.8299776286353467,-0.0324166530255906,0.11214535094623077,0.07772755310489995,0.03441779784133081,0.8683666483255228,0.7321999427138736,0.13616670561164923,0.8778492635818658,0.7337333028008295,0.14411596078103628,0.7717092758499582,0.4245982241797986,0.3471110516701596,1.0,1.0,0.0,0.8243366096288641
14,1,0.9748414945470257,0.9385952846966494,0.0362462098503763,0.9631268436578171,0.9477832512315271,0.01534359242629002,0.8218527315914489,0.8279816513761468,-0.006128919784697873,0.08933407976977314,0.08144223380038663,0.00789184596938651,0.8693867685291515,0.7249877969145928,0.14439897161455872,0.8767126930686772,0.7288367299091152,0.14787596315956197,0.8037575195934386,0.4747740795647083,0.32898344002873026,1.0,1.0,0.0,0.8226349485479816
15,1,0.9708754055441752,0.9432614157054099,0.027613989838765285,0.9988662131519275,0.9740980573543015,0.024768155797625924,0.9953271028037384,0.8321678321678322,0.16315927063590618,0.10624906728847475,0.06584711235213181,0.04040195493634294,0.8699492283602623,0.7277317338353416,0.14221749452492072,0.8785639829771593,0.7291323459557435,0.14943163702141582,0.7783631469340208,0.5050596365225221,0.2733035104114987,1.0,1.0,0.0,0.8239437824608281
16,1,0.9665914023825961,0.9374572707778409,0.029134131604755198,0.9895833333333334,0.9692011549566891,0.020382178376644244,0.7955665024630542,0.9135254988913526,-0.11795899642829843,0.11991757575624114,0.07114418648489665,0.04877338927134449,0.8703324106564265,0.7314402743690438,0.13889213628738273,0.8803339212236019,0.7324417985377244,0.14789212268587748,0.7429877826352363,0.4566484794725941,0.2863393031626422,1.0,1.0,0.0,0.8253833494150629
17,1,0.9724265438574303,0.9356142853701869,0.036812258487243454,0.9869402985074627,0.9493791786055397,0.03756111990192301,0.9683698296836983,0.8228699551569507,0.14549987452674762,0.09488535277385364,0.07732693634577073,0.01755841642808291,0.870372928941394,0.730348709977499,0.14002421896389494,0.8781414458737924,0.7323839760198262,0.1457574698539662,0.7893069675381577,0.4383632093814045,0.35094375815675316,1.0,1.0,0.0,0.8249904889416699
18,1,0.9730787314603105,0.9392145584269558,0.03386417303335476,0.9831192660550458,0.9930139720558883,-0.009894706000842413,0.8037383177570093,0.8881118881118881,-0.0843735703548788,0.09799191858439714,0.07134071454312862,0.026651204041268514,0.8692382975869937,0.7295573735139458,0.13968092407304789,0.8773397441424692,0.73105635709201,0.14628338705045918,0.7924588616064877,0.4712548865849091,0.3212039750215786,1.0,1.0,0.0,0.8240311947487919
19,1,0.9682895100531381,0.9377203984896043,0.030569111563533813,0.9870848708487084,0.983284169124877,0.003800701723831401,0.8009478672985783,0.9701149425287356,-0.1691670752301574,0.10363017477904299,0.07815562047608487,0.025474554302958113,0.8730585379221234,0.7277560050753328,0.14530253284679062,0.8811053254664637,0.7305452024552835,0.15056012301118016,0.7557391287026155,0.46442362006448856,0.29131550863812694,1.0,1.0,0.0,0.8260811965567971
20,1,0.0028445664688857074,0.00483535520655594,0.005677576593465792,0.007621921660129578,0.011034976248354996,0.011213139363536101,0.06919650647744567,0.053412527590257816,0.09958533214720396,0.01023778311959808,0.008096756124842446,0.013192143388358916,0.00194003296288894,0.002939761292245899,0.0038413642802969084,0.0018601591664781732,0.0023962065819929574,0.003223808635141362,0.02193919355628209,0.040470047204293445,0.045768960812679796,0.0,0.0,0.0,0.0014589230400956455
0,0.5,0.9702294622717048,0.9506239474279834,0.019605514843721417,0.9746173945502054,0.9847328244274809,-0.010115429877275539,0.84,0.8611111111111112,-0.02111111111111119,0.12096339259397108,0.05653340705917376,0.06442998553479733,0.8660729449944208,0.7244514969708062,0.14162144802361454,0.8767753768993825,0.7256431585799319,0.15113221831945056,0.77030948167003,0.574984280772359,0.19532520089767103,1.0,1.0,0.0,0.8201488035764244
1,0.5,0.9766090890337878,0.9440407976501669,0.03256829138362094,0.9906472128694351,0.9810246679316889,0.00962254493774628,0.896551724137931,0.9312638580931264,-0.034712133955195346,0.09173566044113621,0.07057470166477482,0.021160958776361385,0.8662909853324582,0.7242553311672182,0.14203565416524,0.8744289585771357,0.72712022553162,0.14730873304551562,0.8192080625456803,0.5137918216282588,0.3054162409174216,1.0,1.0,0.0,0.8202795889548018
2,0.5,0.9780522827513873,0.9543664464302299,0.023685836321157394,0.9793233082706767,0.9746954076850984,0.004627900585578271,0.7723970944309927,0.9436936936936937,-0.17129659926270102,0.07088466776611081,0.05762659712196253,0.01325807064414828,0.8702731486488291,0.720162447730065,0.1501107009187641,0.8759544008450864,0.7226084106696224,0.1533459901754639,0.8337635775268136,0.6049486021403122,0.22881497538650142,1.0,1.0,0.0,0.8216100570758658
3,0.5,0.9686097367528307,0.9519539092827562,0.016655827470074436,0.9786995515695067,0.9743101807802094,0.004389370789297353,0.8320802005012531,0.9170305676855895,-0.08495036718433646,0.1384821742348596,0.060486156218177524,0.07799601801668207,0.8639474961815458,0.7206448601693077,0.14330263601223803,0.876343432729595,0.7232643937345399,0.15307903899505515,0.7579700867364998,0.5807694944368316,0.17720059229966822,1.0,1.0,0.0,0.8174660332939379
4,0.5,0.9748057929383263,0.9502866325392585,0.024519160399067763,0.9929525222551929,0.9757516973811833,0.017200824874009646,0.9777777777777777,0.8296460176991151,0.1481317600786627,0.10377347932448935,0.06110118845696756,0.04267229086752179,0.8650878502224206,0.7226933620007544,0.14239448822166623,0.8744861000521874,0.7248884673326577,0.14959763271952975,0.8073728167983344,0.5652061166422874,0.24216670015604702,1.0,1.0,0.0,0.8189274200148067
5,0.5,0.9681650223686076,0.9486350730760211,0.019529949292586446,0.9806259314456036,0.9731543624161074,0.0074715690294961945,0.8120300751879699,0.8384279475982532,-0.026397872410283352,0.14260095506937104,0.05882373745854223,0.0837772176108288,0.8637567924899322,0.7256386286158905,0.13811816387404174,0.8764191601350468,0.726787916114148,0.1496312440208989,0.7576514126309342,0.5511399817980236,0.20651143083291057,1.0,1.0,0.0,0.8190365997324152
6,0.5,0.9639544418662028,0.9592297064309927,0.004724735435210126,0.989089541008277,0.9766136576239476,0.012475883384329367,0.8551401869158879,0.8811188811188811,-0.025978694202993258,0.14957086864544109,0.058283083524444265,0.09128778512099682,0.8671587494996057,0.7135861402435104,0.15357260925609528,0.8797761315567726,0.7178823533758726,0.1618937781809,0.726009824292163,0.64409444762766,0.08191537666450299,1.0,1.0,0.0,0.8175534550977179
7,0.5,0.9699289689931664,0.9632231511082983,0.006705817884868126,0.9929811599556705,0.9882352941176471,0.004745865838023389,0.9577464788732394,0.8700696055684455,0.0876768733047939,0.13108869780377502,0.0479007249246529,0.08318797287912212,0.8644197647889191,0.7152778393952225,0.14914192539369664,0.8760497797021631,0.7179257164108147,0.15812406329134843,0.766328715185258,0.6718006802690663,0.09452803491619177,1.0,1.0,0.0,0.816222953671297
8,0.5,0.9683434590281953,0.9545964634146072,0.013746995613588053,0.9593435285341291,0.9780114722753346,-0.018667943741205506,0.9112709832134293,0.9431818181818182,-0.03191083496838898,0.14278017248176772,0.05623911988241222,0.0865410525993555,0.8624640430620648,0.7205464627377128,0.14191758032435198,0.8756339910211098,0.7227493238837754,0.1528846671373344,0.7573941695481782,0.5979819467978655,0.15941222275031264,1.0,1.0,0.0,0.8164405185358584
9,0.5,0.9674451672822043,0.9548213028613945,0.01262386442080976,0.9797347089167281,0.9891411648568608,-0.009406455940132674,0.9439461883408071,0.9586374695863747,-0.014691281245567622,0.1332140303839528,0.05782669783164564,0.07538733255230716,0.8662825503227435,0.7192662070546891,0.14701634326805435,0.8779468853061841,0.7219605150031333,0.15598637030305085,0.7499096594862952,0.6081526638676594,0.14175699561863575,1.0,1.0,0.0,0.8186217624814203
10,0.5,0.9683707605440336,0.9582790686315249,0.010091691912508693,0.9837551945598791,0.9722222222222222,0.011532972337656933,0.9248826291079812,0.8491879350348028,0.07569469407317841,0.12879271046554616,0.04987128917752949,0.07892142128801667,0.8665905963656998,0.71985674996637,0.14673384639932985,0.8777557799192095,0.721442818629481,0.1563129612897285,0.755799024881882,0.6409580983063543,0.11484092657552769,1.0,1.0,0.0,0.8191018163790036
11,0.5,0.969561942423199,0.9580429204357387,0.011519021987460354,0.9789977892409727,0.9921026653504442,-0.01310487610947153,0.8156565656565656,0.9913232104121475,-0.1756666447555819,0.12249495101290704,0.05146100628517235,0.0710339447277347,0.866469081131733,0.7196789753281678,0.14679010580356522,0.8772483826871327,0.7216179961253112,0.1556303865618215,0.7676483162260553,0.6377520926226914,0.12989622360336395,1.0,1.0,0.0,0.8188836567759272
12,0.5,0.961155961536283,0.9615848252910807,-0.00042886375479767036,0.9780178837555886,0.9702780441035475,0.007739839652041169,0.79,0.8315098468271335,-0.041509846827133434,0.1608128299072636,0.053518842404449984,0.1072939875028136,0.8681676905204805,0.7148108575704532,0.15335683295002733,0.8814636847221937,0.7181375051505492,0.16332617957164453,0.7044949444165512,0.6713898046610355,0.03310513975551577,1.0,1.0,0.0,0.8185349734794203
13,0.5,0.9656584083321966,0.9520791190483708,0.01357928928382579,0.9635612321562734,0.9887323943661972,-0.02517116220992377,0.9336734693877551,0.8989247311827957,0.034748738204959384,0.16401276462242415,0.05559340400918587,0.10841936061323827,0.8607429348581552,0.7235320585233478,0.13721087633480744,0.8758291207075292,0.7248206728132984,0.15100844789423074,0.7355213553185804,0.5873303011473807,0.1481910541711997,1.0,1.0,0.0,0.816331629050645
14,0.5,0.974481079999452,0.9487669747104865,0.02571410528896545,0.9836855765665554,0.9932038834951457,-0.009518306928590237,0.9366197183098591,0.9675174013921114,-0.03089768308225227,0.11931601034810897,0.06305634986005401,0.05625966048805496,0.8617631732566176,0.7231790513088158,0.13858412194780179,0.8729582862828165,0.7254727094601474,0.14748557682266905,0.8038760558119714,0.5542055164922846,0.24967053931968686,1.0,1.0,0.0,0.8168551987758853
15,0.5,0.9752096600680427,0.9419729658432429,0.0332366942247998,0.9756189047261815,0.9802073515551367,-0.004588446828955206,0.936768149882904,0.8674418604651163,0.06932628941778773,0.12241601937205086,0.06528678485096126,0.0571292345210896,0.8594432576469092,0.7293928814240471,0.13005037622286209,0.8714396283004877,0.7302680907466792,0.1411715375538085,0.807768952308661,0.4980134633471053,0.3097554889615557,1.0,1.0,0.0,0.8173350623571437
16,0.5,0.9721668327334049,0.9638773960736706,0.00828943665973425,0.9926739926739927,0.966900702106319,0.025773290567673746,0.9259259259259259,0.8207964601769911,0.10512946574893478,0.10808686242081185,0.04398417970952525,0.06410268271128661,0.8675016738282583,0.7174633494067578,0.15003832442150045,0.876756268119537,0.7190309542239925,0.15772531389554445,0.787126402494338,0.6829535089802368,0.1041728935141012,1.0,1.0,0.0,0.8188838756397008
17,0.5,0.9846400142968562,0.937260307548858,0.047379706747998185,0.9892830746489283,0.9715964740450539,0.01768660060387439,0.9495412844036697,0.8527315914489311,0.09680969295473862,0.06905647163012302,0.07909601441698534,-0.010039542786862324,0.8627298088267971,0.7273877831697895,0.1353420256570076,0.8694953511930382,0.730357650414841,0.1391377007781972,0.8816531148534394,0.45341508650566664,0.4282380283477728,1.0,1.0,0.0,0.8189273438882767
18,0.5,0.9690157346006165,0.9628690216033551,0.006146712997261439,0.9842721287490855,0.9768378650553877,0.007434263693697818,0.9465116279069767,0.9203747072599532,0.026136920647023554,0.14088703659204718,0.051016706005202486,0.0898703305868447,0.8614266597160063,0.7143979389756023,0.14702872074040396,0.8747809619631228,0.717619081871214,0.1571618800919088,0.7626624119876193,0.6748666516701256,0.0877957603174937,1.0,1.0,0.0,0.8138671991717434
19,0.5,0.968820815205478,0.9575633041469448,0.011257511058533232,0.9860535243120995,0.9832402234636871,0.002813300848412359,0.8389423076923077,0.8639455782312925,-0.025003270538984768,0.153751583295869,0.05000558399434023,0.10374599930152877,0.8584922494078533,0.7206099954702733,0.13788225393758002,0.8733512432776196,0.7220324660239943,0.1513187772536253,0.7617052295666784,0.6283515487762463,0.13335368079043208,1.0,1.0,0.0,0.8139330153147546
20,0.5,0.0051948101848987354,0.00709299714224312,0.011237448759153728,0.008822430064830146,0.007504841664087437,0.012767909920330596,0.06177681512950334,0.050063396779259785,0.08287833061086347,0.025851459847502874,0.007882791570567454,0.030648492576818485,0.0030093883247068543,0.004231720177284812,0.006098642044824529,0.002631487261299031,0.003775322228646616,0.005934639904098047,0.03948668269584108,0.06110970127617009,0.09240715723725476,0.0,0.0,0.0,0.0019139863888528311
0,0.1,0.970958982549248,0.9602017622189385,0.010757220330309458,0.9809203142536476,0.9924098671726755,-0.011489552919027979,0.9829268292682927,0.970917225950783,0.012009603317509665,0.1563929574320451,0.0504454244243141,0.10594753300773099,0.8555921773236884,0.7171047637930823,0.13848741353060612,0.8711025333269365,0.7195077840433782,0.15159474928355832,0.7754997583011283,0.6566517871399651,0.11884797116116319,1.0,1.0,0.0,0.8107918110691781
1,0.1,0.970864530674451,0.9622553961334995,0.008609134540951469,0.9759488913942127,0.9690431519699813,0.00690573942423145,0.9363207547169812,0.8614318706697459,0.07488888404723526,0.15331050954299535,0.04871032734010489,0.10460018220289047,0.8558674147719094,0.7162016941948455,0.13966572057706395,0.8712310931986718,0.7187138208913273,0.15251727230734446,0.775410994004377,0.6730151486669519,0.10239584533742507,1.0,1.0,0.0,0.8106174670419705
2,0.1,0.9725700243005783,0.9636102437833127,0.008959780517265536,0.9771723122238586,0.9891196834817013,-0.011947371257842732,0.8283582089552238,0.978021978021978,-0.14966376906675416,0.13885511417906754,0.04641536178709306,0.09243975239197448,0.8578580729568168,0.7156918834640665,0.14216618949275028,0.8716182235401986,0.7180802245650856,0.153537998975113,0.7883611871322989,0.681411853039507,0.10694933409279184,1.0,1.0,0.0,0.8120133992208449
3,0.1,0.9714263865121492,0.9628174918898991,0.008608894622250118,0.9804500184433789,0.9862204724409449,-0.0057704539975660385,0.9549763033175356,0.8367816091954023,0.11819469412213324,0.14385171662871982,0.05363407762388069,0.09021763900483912,0.8592678135705029,0.7123988524657876,0.14686896110471526,0.8728488716126602,0.7165906037245096,0.15625826788815067,0.7787571946707195,0.6745015297425495,0.10425566492816996,1.0,1.0,0.0,0.8116863263430147
4,0.1,0.9762868510160455,0.9567079589009534,0.019578892115092117,0.9847470238095238,0.983638113570741,0.0011089102387827898,0.9864559819413092,0.8671497584541062,0.11930622348720299,0.11751825691576678,0.055823917973367956,0.06169433894239883,0.8601391404320967,0.7185226273017676,0.14161651313032908,0.8714074011950961,0.7213274920158297,0.1500799091792664,0.8181210296726625,0.6263590476455304,0.19176198202713213,1.0,1.0,0.0,0.8142380305305448
5,0.1,0.9721676288062335,0.9563470536627376,0.015820575143495885,0.9770590447536668,0.9943820224719101,-0.017322977718243315,0.9390243902439024,0.9888143176733781,-0.049789927429475744,0.14374547613355432,0.052397929632556114,0.0913475465009982,0.8581095584909632,0.7206329336451582,0.13747662484580492,0.8719408021725824,0.7223451181781749,0.14959568399440748,0.7875297162532805,0.6252685198186123,0.1622611964346682,1.0,1.0,0.0,0.8135835326896835
6,0.1,0.9690302681919627,0.9676757456620966,0.00135452252986612,0.9722222222222222,0.9962370649106302,-0.024014842688408033,0.9258373205741627,0.9772209567198178,-0.05138363614565511,0.15369655787229722,0.03944595689716733,0.11425060097512989,0.8585406889143605,0.7151173028757756,0.14342338603858495,0.8733234273020759,0.7168782624484307,0.15644516485364524,0.7622010076632424,0.7153389233152725,0.0468620843479699,1.0,1.0,0.0,0.8121222458848854
7,0.1,0.9685950681795316,0.9665036530724264,0.002091415107105199,0.9575418994413408,0.9817658349328215,-0.02422393549148072,0.8227848101265823,0.9545454545454546,-0.13176064441887225,0.15023475878708736,0.04901731554679421,0.10121744324029315,0.8612817093187388,0.7111676050014594,0.15011410431727945,0.8749895829611034,0.7150876205954965,0.15990196236560694,0.7563804073462363,0.7051345494255832,0.05124585792065317,1.0,1.0,0.0,0.8127110988674275
8,0.1,0.9731311830237347,0.9717212579415703,0.0014099250821644205,0.9886963074604371,0.972972972972973,0.015723334487464102,0.9488372093023256,0.9601873536299765,-0.011350144327650913,0.14305988853632892,0.040499904450010386,0.10255998408631853,0.8556746834749474,0.710579810214853,0.1450948732600944,0.870246273935592,0.7135466893616791,0.15669958457391286,0.7953334791179741,0.750738731031112,0.044594748086862146,1.0,1.0,0.0,0.8087417378925512
9,0.1,0.9612930476997195,0.9596111859963447,0.0016818617033748096,0.9902876354127755,0.9904761904761905,-0.00018855506341497463,0.9300699300699301,0.9836448598130841,-0.05357492974315403,0.17060923753320978,0.052376836121005355,0.11823240141220442,0.864704601867716,0.7175094485617983,0.1471951533059177,0.8795757517099041,0.720017734443196,0.15955801726670815,0.7035143886256244,0.6482863690803721,0.05522801954525236,1.0,1.0,0.0,0.8170297331194177
10,0.1,0.9740730389726524,0.9652256727416777,0.008847366230974707,0.9922193404964802,0.9795719844357976,0.012647356060682569,0.9400921658986175,0.9196217494089834,0.020470416489634102,0.1299738276032439,0.04552813936359584,0.08444568823964807,0.8588729511802218,0.7146250104764099,0.14424794070381186,0.8715718561974448,0.7171699841749357,0.1544018720225091,0.8012485685012585,0.6925989964082836,0.10864957209297488,1.0,1.0,0.0,0.812275179325557
11,0.1,0.9739295956298999,0.9763979459159804,-0.0024683502860805007,0.9788838612368024,0.986046511627907,-0.007162650391104641,0.828009828009828,0.96,-0.13199017199017193,0.12456264558052613,0.04491820071843283,0.0796444448620933,0.8604093035017506,0.7025845990998101,0.15782470440194052,0.8724050591469453,0.7083982148165328,0.16400684433041257,0.7993874202069218,0.7912283785815502,0.008159041625371621,1.0,1.0,0.0,0.8092871702055987
12,0.1,0.9662476741848647,0.9665579749531427,-0.00031030076827798236,0.9807336050389033,0.9659533073929961,0.014780297645907159,0.8056872037914692,0.8459770114942529,-0.040289807702783675,0.17003807470454996,0.04936598461862636,0.1206720900859236,0.8573272794703379,0.7110778344301798,0.14624944504015813,0.8737701089129446,0.7150256494974101,0.1587444594155345,0.7406669368064432,0.7087736287539587,0.03189330805248458,1.0,1.0,0.0,0.8099635020868184
13,0.1,0.969974136266389,0.9694683148282743,0.0005058214381146175,0.9899478778853313,0.9923150816522575,-0.002367203766926118,0.8364928909952607,0.9747126436781609,-0.1382197526829002,0.1599787207803489,0.03800531473465998,0.1219734060456889,0.8550437026576772,0.7143370428645118,0.14070665979316532,0.8711312920094144,0.716104735258945,0.1550265567504694,0.7703118484060681,0.7358706948371,0.03444115356896815,1.0,1.0,0.0,0.8095926469384764
14,0.1,0.9698500683004418,0.9730749000616008,-0.0032248317611589528,0.9819985304922851,0.9920398009950249,-0.01004127050273973,0.7995049504950495,0.9713024282560706,-0.17179747776102106,0.1579023826245282,0.03639130006842666,0.12151108255610152,0.8568933520605848,0.7114287486639432,0.14546460339664158,0.872223346618377,0.7137294957383016,0.1584938508800754,0.7680467437190562,0.7663300811227293,0.0017166625963269677,1.0,1.0,0.0,0.8097670908817545
15,0.1,0.9714976367288732,0.9763770898764668,-0.0048794531475935266,0.979182156133829,0.9807135969141755,-0.0015314407803465047,0.9504716981132075,0.9330254041570438,0.017446293956163705,0.13584798421171135,0.036339669364888985,0.09950831484682236,0.8601442739125339,0.7079209127010572,0.15222336121147673,0.8732247687683097,0.7112411505065557,0.161983618261754,0.780506926898192,0.7912277048975854,-0.010720777999393416,1.0,1.0,0.0,0.8107700626711658
16,0.1,0.9709037036437375,0.9617658167848543,0.00913788685888317,0.9779026217228465,0.9867549668874173,-0.008852345164570785,0.9347319347319347,0.883177570093458,0.051554364638476735,0.13956314124776886,0.04667039609101049,0.09289274515675838,0.8605093798656982,0.7177409546692746,0.14276842519642363,0.8736932699376039,0.7196220564850317,0.15407121345257213,0.773688829631229,0.664315932245912,0.10937289738531697,1.0,1.0,0.0,0.8142598502971788
17,0.1,0.9678789895015101,0.9620002743503495,0.005878715151160563,0.9831625183016105,0.9919597989949749,-0.008797280693364384,0.7857142857142857,0.9600886917960089,-0.17437440608172317,0.15087261927559573,0.0491888406460341,0.10168377862956163,0.8606037598028851,0.7166252332594243,0.14397852654346077,0.8748640805330121,0.7190771934524363,0.15578688708057586,0.7537180208850208,0.6686021236653281,0.0851158972196927,1.0,1.0,0.0,0.8140419666527736
18,0.1,0.9669633617049518,0.970038171441624,-0.0030748097366721794,0.967122275581825,0.9784313725490196,-0.01130909696719462,0.9616306954436451,0.8795454545454545,0.08208524089819058,0.15255607434986546,0.03888364742714078,0.11367242692272467,0.8628005347777302,0.7132633761984434,0.14953715857928684,0.876409424541744,0.7153428452007802,0.1610665793409638,0.7483686748486539,0.7383504383750005,0.010018236473653408,1.0,1.0,0.0,0.8143686779295868
19,0.1,0.9651930416464586,0.9635799598586564,0.001613081787802173,0.9685999261174733,0.9852941176470589,-0.016694191529585622,0.9791183294663574,0.892018779342723,0.08709955012363435,0.18049764185289704,0.04374109522139362,0.13675654663150344,0.8561624388122248,0.7181619890822096,0.13800044973001513,0.8735971289935878,0.7194895161814209,0.1541076128121669,0.7325445148273284,0.6900375157568682,0.04250699907046018,1.0,1.0,0.0,0.8115115207987197
20,0.1,0.003381406204489787,0.0057063521154653435,0.006421854813259507,0.0082350609634651,0.008178268805146487,0.01130845951158819,0.06769823308655197,0.05013470976382562,0.09592484316673745,0.015193159516200037,0.005806828057405263,0.016975173885986513,0.0025157021061975645,0.004116782900870131,0.004972741492926693,0.002123746677913477,0.0033534322973058184,0.003819228371433917,0.025850023016434628,0.048172973887523465,0.0531070142371385,0.0,0.0,0.0,0.0020785061157429295
